<?xml version="1.0" encoding="UTF-8"?><rss version="2.0"
	xmlns:content="http://purl.org/rss/1.0/modules/content/"
	xmlns:wfw="http://wellformedweb.org/CommentAPI/"
	xmlns:dc="http://purl.org/dc/elements/1.1/"
	xmlns:atom="http://www.w3.org/2005/Atom"
	xmlns:sy="http://purl.org/rss/1.0/modules/syndication/"
	xmlns:slash="http://purl.org/rss/1.0/modules/slash/"
	>

<channel>
	<title>Insurance Policy</title>
	<atom:link href="https://github.com/VishalMandalia/testsite.git/feed/" rel="self" type="application/rss+xml" />
	<link>https://github.com/VishalMandalia/testsite.git</link>
	<description>Authorized Broker &#124; Online Convenience</description>
	<lastBuildDate>Fri, 08 Jan 2021 11:41:19 +0000</lastBuildDate>
	<language>en-US</language>
	<sy:updatePeriod>
	hourly	</sy:updatePeriod>
	<sy:updateFrequency>
	1	</sy:updateFrequency>
	<generator>https://wordpress.org/?v=5.6</generator>
	<item>
		<title>Hello world!</title>
		<link>https://github.com/VishalMandalia/testsite.git/hello-world/</link>
					<comments>https://github.com/VishalMandalia/testsite.git/hello-world/#comments</comments>
		
		<dc:creator><![CDATA[root]]></dc:creator>
		<pubDate>Fri, 08 Jan 2021 11:41:19 +0000</pubDate>
				<category><![CDATA[Uncategorized]]></category>
		<guid isPermaLink="false">https://github.com/VishalMandalia/testsite.git/?p=1</guid>

					<description><![CDATA[<p>Welcome to WordPress. This is your first post. Edit or delete it, then start writing!</p>
<p>The post <a rel="nofollow" href="https://github.com/VishalMandalia/testsite.git/hello-world/">Hello world!</a> appeared first on <a rel="nofollow" href="https://github.com/VishalMandalia/testsite.git">Insurance Policy</a>.</p>
]]></description>
										<content:encoded><![CDATA[
<p>Welcome to WordPress. This is your first post. Edit or delete it, then start writing!</p>
<p>The post <a rel="nofollow" href="https://github.com/VishalMandalia/testsite.git/hello-world/">Hello world!</a> appeared first on <a rel="nofollow" href="https://github.com/VishalMandalia/testsite.git">Insurance Policy</a>.</p>
]]></content:encoded>
					
					<wfw:commentRss>https://github.com/VishalMandalia/testsite.git/hello-world/feed/</wfw:commentRss>
			<slash:comments>1</slash:comments>
		
		
			</item>
	</channel>
</rss>
